normalized_name;type_text;occurrence;id_doc;longitude;latitude
Acebedo;Textos Narrativos;1;Moreno_320;43.03916666666667;-5.116111111111112
Adra;Textos Narrativos;3;"Moreno_180 (2); Moreno_179";36.75;-3.0166666666667
Alaejos;Textos Narrativos;2;"Moreno_083; Moreno_082";41.307222222222;-5.2155555555556
Alajeró;Poesías y Canciones;1;Moreno_253;28.0619917;-17.2383666
Alameda;Textos Narrativos;1;Moreno_104;37.2084981;-4.6606136
Alba;Textos Narrativos;4;"Moreno_023 (2); Moreno_230; Moreno_231";40.6187451;-1.3455814
Alba de Tormes;Textos Dramáticos y Teatrales;1;Moreno_003;40.824722222222;-5.5161111111111
Albacete;Textos Narrativos;4;"Moreno_333 (2); Moreno_334 (2)";38.995555555556;-1.8558333333333
Albania;Textos Narrativos;18;"Moreno_236 (5); Moreno_237 (5); Moreno_187; Moreno_153; Moreno_209; Moreno_154; Moreno_073; Moreno_272; Moreno_239; Moreno_210";41.0;20.0
Alberique;Textos Narrativos;1;Moreno_294;39.116666666667;-0.52111111111111
Alcalá de Henares;Textos Narrativos;1;Moreno_031;40.481815;-3.364305
Alcañiz;Textos Diversos;1;Moreno_355;41.050254;-0.1329565
Alcobilla;Textos Narrativos;1;Moreno_342;38.039236;-4.05056
Alcolea;Textos Narrativos;2;"Moreno_104; Moreno_103";36.966666666667;-2.95
Alcoy;Poesías y Canciones;2;Moreno_120 (2);38.698333333333;-0.47361111111111
Alcántara;Textos Narrativos;1;Moreno_326;39.718611111111;-6.8838888888889
Alejandría;Poesías y Canciones;2;"Moreno_138; Moreno_203";31.1975;29.8925
Alemania;Textos Narrativos;3;"Moreno_292; Moreno_061; Moreno_239";51.0;10.0
Alfocea;Textos Narrativos;2;"Moreno_333; Moreno_334";41.72454222559295;-0.9513816589800328
Algeciras;Poesías y Canciones;1;Moreno_335;36.1275;-5.4538888888889
Alhambra;Textos Narrativos;5;"Moreno_179 (2); Moreno_180 (2); Moreno_311";38.8983204;-3.0535507
Alicante;Textos Narrativos;11;"Moreno_224 (6); Moreno_020 (3); Moreno_292; Moreno_040";38.345277777778;-0.48305555555556
Almagro;Textos Narrativos;1;Moreno_292;38.888238;-3.7118218
Almazán;Poesías y Canciones;1;Moreno_228;41.485833333333;-2.5330555555556
Almería;Poesías y Canciones;9;"Moreno_049 (2); Moreno_048 (2); Moreno_035; Moreno_259; Moreno_338; Moreno_228; Moreno_374";36.84;-2.4675
América;Poesías y Canciones;1;Moreno_058;19.0;-96.0
Andalucía;Textos Narrativos;22;"Moreno_294 (3); Moreno_271 (2); Moreno_176 (2); Moreno_179; Moreno_261; Moreno_314; Moreno_262; Moreno_074; Moreno_075; Moreno_268; Moreno_184; Moreno_334; Moreno_269; Moreno_333; Moreno_182; Moreno_181; Moreno_180; Moreno_177";37.46;-4.16
Andújar;Textos Narrativos;2;"Moreno_292; Moreno_303";38.0392362;-4.0505603
Angola;Textos Narrativos;1;Moreno_361;-12.35;17.35
Antequera;Textos Narrativos;23;"Moreno_153 (5); Moreno_154 (5); Moreno_206 (4); Moreno_207 (4); Moreno_191; Moreno_190; Moreno_104; Moreno_089; Moreno_300";37.0183652;-4.5596649
Antioquía;Textos Narrativos;1;Moreno_298;36.2025;36.160555555555554
Aragón;Textos Narrativos;10;"Moreno_334 (5); Moreno_333 (4); Moreno_319";41.0;-1.0
Aranjuez;Textos Narrativos;3;"Moreno_151; Moreno_132; Moreno_133";40.033333333333;-3.6027777777778
Archidona;Textos Narrativos;2;"Moreno_104; Moreno_103";37.0954031;-4.390629
Arcos de la Frontera;Textos Narrativos;8;"Moreno_075 (3); Moreno_074 (3); Moreno_302; Moreno_239";36.7482937;-5.8063128
Argel;Textos Narrativos;38;"Moreno_224 (7); Moreno_153 (5); Moreno_129 (5); Moreno_289 (5); Moreno_154 (4); Moreno_368 (3); Moreno_026; Moreno_184; Moreno_221; Moreno_222; Moreno_322; Moreno_321; Moreno_212; Moreno_170; Moreno_239";36.776388888889;3.0586111111111
Armenia;Textos Narrativos;1;Moreno_026;40.383333;44.95
Arriate;Textos Narrativos;2;Moreno_176 (2);36.7991421;-5.1407457
Asia;Poesías y Canciones;2;"Moreno_091; Moreno_371";43.68111111111112;87.33111111111111
Asturias;Poesías y Canciones;1;Moreno_228;43.333333333333;-6.0
Atienza;Poesías y Canciones;1;Moreno_228;41.199166666667;-2.87
Austria;Textos Narrativos;24;"Moreno_026 (12); Moreno_168 (4); Moreno_167 (4); Moreno_230; Moreno_231; Moreno_054; Moreno_360";48.0;14.0
Babilonia;Textos Narrativos;2;"Moreno_168; Moreno_167";32.5425;44.42111111111111
Badajoz;Textos Narrativos;3;"Moreno_303; Moreno_010; Moreno_011";38.880277777778;-6.9752777777778
Baena;Textos Narrativos;2;Moreno_314 (2);37.6194451;-4.3260458
Baeza;Textos Dramáticos y Teatrales;1;Moreno_021;37.983333333333;-3.4666666666667
Baraona;Textos Dramáticos y Teatrales;1;Moreno_021;41.295277777778;-2.6572222222222
Barbastro;Poesías y Canciones;1;Moreno_335;42.033333333333;0.11666666666667
Barcelona;Textos Narrativos;46;"Moreno_322 (9); Moreno_321 (9); Moreno_210 (8); Moreno_209 (7); Moreno_110 (4); Moreno_212 (4); Moreno_020; Moreno_333; Moreno_334; Moreno_289; Moreno_039";41.3825;2.1769444444444
Bargas;Textos Narrativos;13;"Moreno_321 (7); Moreno_322 (6)";39.94;-4.0194444444444
Baviera;Poesías y Canciones;1;Moreno_203;49.07861111111111;11.385555555555555
Bayona;Textos Narrativos;1;Moreno_129;42.1199257;-8.8500865
Baza;Textos Narrativos;1;Moreno_164;37.4888637;-2.7709805
Bañuelos de Bureba;Textos Narrativos;1;Moreno_360;42.500833333333;-3.2805555555556
Belchite;Textos Narrativos;2;"Moreno_333; Moreno_334";41.3065445;-0.7546355
Belmonte de Miranda;Textos Narrativos;2;Moreno_068 (2);43.2723496;-6.26096088446
Belén;Poesías y Canciones;7;"Moreno_025 (6); Moreno_240";31.704444444444;35.206111111111
Benavente;Poesías y Canciones;1;Moreno_228;42.0048668;-5.6756156
Berbería;Textos Narrativos;1;Moreno_289;31.172821;-7.336248
Berga;Textos Narrativos;1;Moreno_039;42.1;1.8455555555556
Berlanga;Poesías y Canciones;1;Moreno_228;38.282777777778;-5.8291666666667
Bilbao;Poesías y Canciones;10;"Moreno_343 (8); Moreno_354; Moreno_228";43.262222222222;-2.9533333333333
Bolonia;Textos Narrativos;2;Moreno_066 (2);44.493888888889;11.342777777778
Brabante Septentrional;Textos Narrativos;4;Moreno_112 (4);51.63333333333333;05.janv
Brasil;Textos Narrativos;1;Moreno_239;-14.0;-53.0
Brest;Textos Narrativos;1;Moreno_294;48.39;-4.4869444444444
Buenos Aires;Poesías y Canciones;3;"Moreno_035 (2); Moreno_259";-34.599722222222;-58.381944444444
Bugarra;Textos Narrativos;1;Moreno_294;39.609722222222;-0.77333333333333
Bugía;Textos Narrativos;3;Moreno_065 (3);36.75111111111111;5.064166666666667
Burgos;Textos Narrativos;1;Moreno_068;42.340833333333;-3.6997222222222
Cabo Negro;Textos Narrativos;1;Moreno_337;35.67027778;-5.285
Cabra;Textos Narrativos;7;"Moreno_147; Moreno_181; Moreno_182; Moreno_131; Moreno_130; Moreno_276; Moreno_300";37.4718153;-4.4335616
Cafarnaúm;Textos Narrativos;1;Moreno_076;32.881111111111;35.575
Calatayud;Textos Narrativos;4;"Moreno_341 (2); Moreno_333; Moreno_334";41.35;-1.633333
California;Poesías y Canciones;1;Moreno_283;37.0;-120.0
Calvario;Textos Diversos;5;"Moreno_106; Moreno_105; Moreno_101; Moreno_186; Moreno_150";31.778611111111;35.229444444444
Campillos;Textos Narrativos;2;Moreno_300 (2);37.0475793;-4.8626422
Canarias;Textos Narrativos;5;"Moreno_063 (4); Moreno_318";28.536;-15.749
Canaán;Textos Narrativos;1;Moreno_076;32.766667;35.333333
Cantabria;Textos Narrativos;1;Moreno_337;43.333333333333;-4.0
Cantillana;Poesías y Canciones;1;Moreno_228;37.6088766;-5.8244449
Capadocia;Textos Narrativos;1;Moreno_026;38.670556;34.839167
Carabanchel Alto;Textos Narrativos;1;Moreno_184;40.371097222222;-3.7508555555556
Carboneras;Poesías y Canciones;1;Moreno_354;37.0004633;-1.8918946
Cardeña;Textos Dramáticos y Teatrales;1;Moreno_029;38.2703085;-4.3227324
Caria;Textos Narrativos;1;Moreno_360;37.5;28.0
Carmona;Textos Narrativos;6;"Moreno_206 (2); Moreno_207 (2); Moreno_212; Moreno_365";37.471111111111;-5.6422222222222
Carpio del Campo;Textos Narrativos;2;"Moreno_303; Moreno_089";41.2126514;-5.10906
Carrión de los Condes;Textos Narrativos;1;Moreno_068;42.338888888889;-4.6019444444444
Cartagena;Textos Narrativos;14;"Moreno_020 (4); Moreno_017 (3); Moreno_176 (2); Moreno_177 (2); Moreno_224; Moreno_180; Moreno_104";37.6;-0.98194444444444
Cartago;Textos Narrativos;1;Moreno_270;36.852558;10.323461
Caspe;Textos Narrativos;2;"Moreno_333; Moreno_103";41.2366709;-0.0395734
Castilla la Vieja;Textos Narrativos;1;Moreno_318;42.343461;-3.696373
Castilla y León;Textos Diversos;1;Moreno_016;41.754444444444445;-4.781944444444444
Castilleja de la Cuesta;Textos Narrativos;2;Moreno_276 (2);37.386389;-6.051667
Castillejos;Poesías y Canciones;1;Moreno_335;35.841383;-5.358682
Cataluña;Textos Narrativos;4;"Moreno_020; Moreno_010; Moreno_011; Moreno_039";41.8375;1.537777777777778
Caudiel;Textos Narrativos;1;Moreno_294;39.9473348;-0.5683653
Cazalla de la Sierra;Poesías y Canciones;1;Moreno_228;37.932017;-5.759627
Cañete;Textos Narrativos;3;"Moreno_176 (2); Moreno_177";40.041797;-1.6490269
Cañete la Real;Textos Narrativos;4;"Moreno_176 (2); Moreno_177 (2)";36.953459;-5.02543
Cerezo de Río Tirón;Textos Narrativos;8;"Moreno_179; Moreno_180; Moreno_368; Moreno_337; Moreno_121; Moreno_320; Moreno_122; Moreno_160";42.491111111111;-3.1355555555556
Ceuta;Textos Narrativos;15;"Moreno_322 (4); Moreno_321 (3); Moreno_164 (3); Moreno_314 (2); Moreno_184; Moreno_104; Moreno_103";35.886667;-5.3
Chiclana de la Frontera;Textos Diversos;3;"Moreno_226 (2); Moreno_041";36.416666666667;-6.15
Chipre;Textos Narrativos;1;Moreno_319;35.0;33.0
Churriana de la Vega;Textos Narrativos;1;Moreno_017;37.147777777778;-3.6461111111111
Ciudad Real;Poesías y Canciones;3;Moreno_228 (3);38.983333333333;-3.9166666666667
Ciudad Rodrigo;Textos Narrativos;1;Moreno_303;40.596944444444;-6.5225
Ciudad del Vaticano;Textos Narrativos;1;Moreno_070;41.904;12.453
Coca;Poesías y Canciones;1;Moreno_228;41.217777777778;-4.5222222222222
Collado de la Vera;Textos Dramáticos y Teatrales;1;Moreno_282;40.0573294;-5.7209445
Colombia;Poesías y Canciones;1;Moreno_203;4.0;-73.25
Constantinopla;Textos Narrativos;10;"Moreno_187 (2); Moreno_308 (2); Moreno_026; Moreno_184; Moreno_168; Moreno_046; Moreno_167; Moreno_174";41.0125;28.98
Cruz del Coso;Textos Narrativos;1;Moreno_292;41.65;-0.88333333333333
Cuarte de Huerva;Textos Diversos;4;"Moreno_366 (2); Moreno_367 (2)";41.5935919;-0.9388829
Cuba;Poesías y Canciones;2;"Moreno_035; Moreno_259";22.0;-79.5
Cuenca;Poesías y Canciones;2;"Moreno_354; Moreno_228";40.071666666667;-2.135
Cádiz;Textos Narrativos;21;"Moreno_170 (9); Moreno_314 (2); Moreno_369; Moreno_368; Moreno_356; Moreno_292; Moreno_131; Moreno_130; Moreno_121; Moreno_057; Moreno_122; Moreno_201";36.535;-6.2975
Cólquida;Textos Dramáticos y Teatrales;1;Moreno_194;42.26666667;42.0
Córdoba;Textos Narrativos;40;"Moreno_007 (12); Moreno_089 (7); Moreno_121 (4); Moreno_122 (4); Moreno_271 (2); Moreno_303 (2); Moreno_077 (2); Moreno_009; Moreno_319; Moreno_134; Moreno_314; Moreno_300; Moreno_010; Moreno_011";37.883333333333;-4.7666666666667
Cúllar;Textos Narrativos;1;Moreno_294;37.583611111111;-2.5763888888889
Departamento de Jalapa;Textos Narrativos;1;Moreno_123;14.633889;-89.981111
Despeñaperros;Textos Narrativos;1;Moreno_184;38.40178;-3.49979
Dinamarca;Textos Narrativos;41;"Moreno_237 (16); Moreno_236 (15); Moreno_285 (8); Moreno_073; Moreno_013";56.0;10.0
Ebro;Textos Narrativos;2;"Moreno_333; Moreno_334";43.0375;-4.37
Egipto;Textos Narrativos;10;"Moreno_316 (4); Moreno_298 (2); Moreno_076 (2); Moreno_200; Moreno_360";27.0;29.0
El Cairo;Textos Narrativos;2;"Moreno_026; Moreno_174";30.044444444444444;31.23583333333333
El Puerto de Santa María;Textos Narrativos;1;Moreno_369;36.601468;-6.2381494
El Salvador;Textos Narrativos;3;"Moreno_118; Moreno_117; Moreno_364";13.668889;-88.866111
El Viso del Alcor;Poesías y Canciones;4;"Moreno_354; Moreno_343; Moreno_335; Moreno_339";37.388611111111;-5.7188888888889
Eslavonia;Textos Narrativos;4;"Moreno_230; Moreno_026; Moreno_231; Moreno_073";45.45;17.916666666667
Esparta;Textos Narrativos;5;"Moreno_285 (4); Moreno_187";37.081944444444;22.423611111111
España;Textos Narrativos;172;"Moreno_023 (13); Moreno_122 (9); Moreno_121 (9); Moreno_153 (8); Moreno_154 (8); Moreno_209 (5); Moreno_210 (5); Moreno_026 (5); Moreno_170 (5); Moreno_168 (4); Moreno_318 (4); Moreno_039 (4); Moreno_167 (4); Moreno_180 (3); Moreno_117 (3); Moreno_118 (3); Moreno_110 (3); Moreno_068 (3); Moreno_173 (3); Moreno_224 (3); Moreno_179 (3); Moreno_319 (3); Moreno_134 (2); Moreno_289 (2); Moreno_243 (2); Moreno_294 (2); Moreno_311 (2); Moreno_310 (2); Moreno_242 (2); Moreno_337 (2); Moreno_190 (2); Moreno_368 (2); Moreno_127 (2); Moreno_191 (2); Moreno_357 (2); Moreno_011; Moreno_314; Moreno_103; Moreno_275; Moreno_212; Moreno_010; Moreno_231; Moreno_326; Moreno_156; Moreno_147; Moreno_230; Moreno_360; Moreno_361; Moreno_017; Moreno_201; Moreno_089; Moreno_129; Moreno_074; Moreno_320; Moreno_040; Moreno_051; Moreno_284; Moreno_046; Moreno_196; Moreno_141; Moreno_296; Moreno_073; Moreno_327; Moreno_008; Moreno_305; Moreno_020; Moreno_142; Moreno_065; Moreno_075; Moreno_061; Moreno_174";40.2;-3.5
Estepona;Textos Diversos;1;Moreno_226;36.433055555556;-5.1330555555556
Extremadura;Textos Narrativos;2;"Moreno_083; Moreno_082";39.2;-6.15
Filipinas;Textos Diversos;3;"Moreno_041; Moreno_366; Moreno_367";12.0;123.0
Flandes;Textos Narrativos;9;"Moreno_026 (2); Moreno_174 (2); Moreno_156; Moreno_057; Moreno_010; Moreno_011; Moreno_239";51.0;04.mai
Florencia;Textos Narrativos;1;Moreno_026;43.771388888889;11.254166666667
Francia;Textos Narrativos;36;"Moreno_046 (4); Moreno_118 (4); Moreno_117 (4); Moreno_358 (4); Moreno_187 (3); Moreno_061 (3); Moreno_168 (2); Moreno_084 (2); Moreno_305 (2); Moreno_167 (2); Moreno_057; Moreno_265; Moreno_264; Moreno_262; Moreno_300; Moreno_261";47.0;2.0
Frigia;Textos Narrativos;2;"Moreno_285; Moreno_174";39.0;31.0
Frías;Textos Narrativos;15;"Moreno_207 (8); Moreno_206 (7)";42.761388888889;-3.2941666666667
Fuente del Arco;Textos Narrativos;2;"Moreno_083; Moreno_082";38.1525;-5.8966666666667
Fuente del Potro;Textos Narrativos;1;Moreno_303;37.88115833;-4.77492778
Gabaldón;Textos Narrativos;2;"Moreno_083; Moreno_082";39.6261519;-1.9449722
Galera;Textos Narrativos;1;Moreno_110;37.743055555556;-2.5513888888889
Galia;Textos Narrativos;1;Moreno_112;46.5;02.sept
Galicia;Textos Dramáticos y Teatrales;1;Moreno_029;42.755;-7.866111111111111
Galilea;Textos Narrativos;3;"Moreno_277; Moreno_316; Moreno_076";42.348055555556;-2.2358333333333
Gante;Textos Narrativos;2;"Moreno_061; Moreno_239";51.05361111111111;3.725277777777778
Genil;Textos Narrativos;1;Moreno_311;37.69352;-5.316539
Gerona;Textos Narrativos;1;Moreno_289;41.983333333333;2.8166666666667
Gestalgar;Textos Narrativos;2;Moreno_294 (2);39.6044915;-0.8337822
Getsemaní;Textos Diversos;1;Moreno_150;31.779419;35.239425
Gibraltar;Textos Narrativos;13;"Moreno_075 (3); Moreno_074 (3); Moreno_292 (2); Moreno_284; Moreno_296; Moreno_303; Moreno_176; Moreno_177";36.14;-5.35
Gijón;Poesías y Canciones;1;Moreno_228;43.52931;-5.67732
Ginebra;Textos Narrativos;4;"Moreno_304 (2); Moreno_233; Moreno_232";46.2;juin.15
Golfo de Corinto;Textos Narrativos;3;Moreno_026 (3);38.2;22.mai
Granada;Textos Narrativos;54;"Moreno_180 (11); Moreno_179 (10); Moreno_311 (9); Moreno_176 (4); Moreno_177 (4); Moreno_017 (4); Moreno_147 (3); Moreno_314 (3); Moreno_104 (2); Moreno_164 (2); Moreno_227; Moreno_026";37.178055555556;-3.6008333333333
Grecia;Textos Narrativos;6;"Moreno_272 (2); Moreno_357; Moreno_054; Moreno_055; Moreno_100";38.5;23.0
Guadalajara;Textos Narrativos;2;"Moreno_333; Moreno_334";40.633333333333;-3.1666666666667
Guadalquivir;Textos Narrativos;1;Moreno_357;37.8392;-2.9736
Guadarrama;Poesías y Canciones;1;Moreno_228;40.672777777778;-4.0888888888889
Guadiana;Textos Narrativos;1;Moreno_235;39.1316;-3.733
Guadix;Textos Narrativos;2;"Moreno_176; Moreno_177";37.2995522;-3.1371246
Guinea;Textos Narrativos;1;Moreno_181;10.0;-11.0
Génova;Textos Narrativos;1;Moreno_292;44.407186111111;8.9339833333333
Herrera;Textos Narrativos;3;Moreno_314 (3);37.361666666667;-4.85
Huelva;Textos Narrativos;1;Moreno_039;37.25;-6.95
Huesca;Textos Narrativos;1;Moreno_103;42.1401;-0.40889722222222
Hungría;Poesías y Canciones;2;"Moreno_140; Moreno_139";47.0;19.0
Illescas;Textos Narrativos;7;Moreno_023 (7);40.122777777778;-3.8455555555556
Imperio otomano;Textos Narrativos;2;"Moreno_168; Moreno_167";41.0;29.0
Indias Occidentales;Textos Narrativos;26;"Moreno_170 (9); Moreno_121 (7); Moreno_122 (7); Moreno_201 (2); Moreno_327";21.98333333;-79.03333333
Indias Orientales;Textos Narrativos;1;Moreno_031;1.0;103.0
Inglaterra;Textos Narrativos;16;"Moreno_168 (2); Moreno_167 (2); Moreno_318; Moreno_233; Moreno_031; Moreno_232; Moreno_132; Moreno_133; Moreno_265; Moreno_305; Moreno_264; Moreno_306; Moreno_262; Moreno_261";54.6;-2.0
Irlanda;Textos Narrativos;14;"Moreno_210 (6); Moreno_209 (5); Moreno_305 (3)";53.0;-8.0
Isla de la Cartuja;Textos Dramáticos y Teatrales;1;Moreno_088;37.4061;-6.00611
Israel;Textos Narrativos;5;"Moreno_298; Moreno_316; Moreno_162; Moreno_163; Moreno_028";31.0;35.0
Italia;Textos Narrativos;17;"Moreno_173 (5); Moreno_284 (4); Moreno_117 (2); Moreno_026; Moreno_326; Moreno_118; Moreno_305; Moreno_066; Moreno_306";42.5;12.mai
Jaca;Textos Diversos;2;"Moreno_366; Moreno_367";42.55;-0.55
Japón;Textos Narrativos;2;"Moreno_010; Moreno_011";35.0;136.0
Jarama;Textos Dramáticos y Teatrales;1;Moreno_192;41.166111111111;-3.5383333333333
Jauja;Textos Narrativos;1;Moreno_174;-11.775;-75.5
Jaén;Textos Narrativos;10;"Moreno_164 (4); Moreno_314 (3); Moreno_303 (2); Moreno_292";37.769722222222;-3.7888888888889
Jerez de la Frontera;Textos Narrativos;20;"Moreno_314 (5); Moreno_201 (3); Moreno_342 (2); Moreno_301 (2); Moreno_369; Moreno_292; Moreno_265; Moreno_310; Moreno_264; Moreno_075; Moreno_074; Moreno_229";36.7;-6.1166666666667
Jerusalén;Textos Narrativos;7;"Moreno_225; Moreno_326; Moreno_135; Moreno_136; Moreno_316; Moreno_301; Moreno_163";31.77888888888889;35.22555555555556
Judea;Textos Narrativos;4;"Moreno_076 (2); Moreno_213; Moreno_214";31.698889;35.306389
Jumilla;Textos Narrativos;1;Moreno_156;38.479166666667;-1.325
La Albuera;Poesías y Canciones;1;Moreno_335;38.7161343;-6.8239504
La Alcarria;Textos Dramáticos y Teatrales;2;Moreno_094 (2);40.30666667;-2.87305556
La Alpujarra;Textos Narrativos;2;"Moreno_104; Moreno_103";36.93333333;-3.33333333
La Bañeza;Poesías y Canciones;1;Moreno_228;42.2975;-5.9016666666667
La Coruña;Textos Narrativos;2;Moreno_129 (2);43.366666666667;-8.3833333333333
La Habana;Poesías y Canciones;8;"Moreno_035 (2); Moreno_259 (2); Moreno_253; Moreno_283; Moreno_248; Moreno_203";23.136666666667;-82.358888888889
La Mancha;Textos Narrativos;1;Moreno_318;39.4011;-3.015
La Meca;Textos Narrativos;4;"Moreno_221; Moreno_222; Moreno_168; Moreno_174";21.4225;39.826111111111
La Mojonera;Textos Narrativos;1;Moreno_294;36.7522747;-2.6837945
La Parra;Textos Narrativos;2;"Moreno_181; Moreno_182";38.5212182;-6.6229261
La Pedraja de Portillo;Textos Narrativos;1;Moreno_039;41.471388888889;-4.6469444444444
La Vizana;Poesías y Canciones;1;Moreno_228;42.130278;-5.806667
Laodicea;Textos Narrativos;1;Moreno_070;37.835833333333;29.1075
Las Gabias;Textos Narrativos;1;Moreno_017;37.136389;-3.669167
Laza;Textos Narrativos;1;Moreno_172;42.060555555556;-7.4613888888889
Lebrija;Textos Diversos;1;Moreno_041;36.919444444444;-6.0780555555556
León;Poesías y Canciones;1;Moreno_228;42.598888888889;-5.5669444444444
Libia;Textos Narrativos;1;Moreno_299;27.0;17.0
Lidia;Textos Narrativos;1;Moreno_360;40.0;30.0
Lima;Textos Narrativos;8;"Moreno_121 (4); Moreno_122 (4)";-12.06;-77.0375
Lisboa;Textos Narrativos;8;"Moreno_284 (4); Moreno_027 (3); Moreno_294";38.708042;-9.139016
Llerena;Poesías y Canciones;1;Moreno_058;38.2375;-6.0152777777778
Lombardía;Textos Narrativos;2;Moreno_306 (2);45.65;sept.95
Londres;Textos Narrativos;5;"Moreno_132; Moreno_133; Moreno_269; Moreno_268; Moreno_306";51.507222222222;-0.1275
Lorca;Poesías y Canciones;3;Moreno_085 (3);37.683333333333;-1.7
Loreto;Textos Dramáticos y Teatrales;1;Moreno_088;43.4403;13.607430555556
Loriguilla;Poesías y Canciones;2;"Moreno_035; Moreno_259";39.4901609;-0.5714271
Lucena;Textos Narrativos;4;"Moreno_300 (3); Moreno_276";37.4091334;-4.4860128
Luque;Textos Narrativos;3;Moreno_314 (3);37.5576817;-4.2783969
Líbano;Textos Narrativos;1;Moreno_298;33.833333;35.766667
Madrid;Textos Narrativos;53;"Moreno_007 (8); Moreno_357 (7); Moreno_191 (6); Moreno_190 (6); Moreno_318 (4); Moreno_151 (2); Moreno_051 (2); Moreno_350 (2); Moreno_349 (2); Moreno_184; Moreno_132; Moreno_133; Moreno_292; Moreno_333; Moreno_083; Moreno_121; Moreno_082; Moreno_294; Moreno_057; Moreno_334; Moreno_122; Moreno_039; Moreno_032";40.41694444444445;-3.703333333333333
Majaceite;Textos Narrativos;1;Moreno_302;36.69365555555556;-5.858
Malta;Textos Narrativos;3;"Moreno_026; Moreno_191; Moreno_190";35.88333333333333;14.mai
Manila;Textos Narrativos;3;"Moreno_268; Moreno_266; Moreno_267";14.595833333333331;120.97722222222222
Marbella;Textos Narrativos;2;"Moreno_104; Moreno_103";36.511363888889;-4.8834416666667
Marruecos;Textos Narrativos;3;"Moreno_187; Moreno_205; Moreno_204";32.0;-6.0
Marsella;Textos Narrativos;1;Moreno_292;43.296666666667;5.3763888888889
Martinica;Poesías y Canciones;1;Moreno_203;14.65;-61.015
Matanzas;Poesías y Canciones;2;"Moreno_035; Moreno_259";23.049444;-81.573611
Medellín;Textos Narrativos;2;"Moreno_205; Moreno_204";38.979722222222;-5.9744444444444
Mediñá;Poesías y Canciones;1;Moreno_274;42.04948611;2.86521111
Melilla;Textos Dramáticos y Teatrales;3;"Moreno_336 (2); Moreno_282";35.2825;-2.9475
Menorca;Textos Narrativos;1;Moreno_239;39.966666666667;4.0833333333333
Mequinez;Textos Narrativos;1;Moreno_322;33.883333333333;-5.55
Messina;Textos Narrativos;1;Moreno_026;38.19361111111111;15.554166666666667
Milán;Textos Narrativos;9;"Moreno_209 (3); Moreno_210 (3); Moreno_026; Moreno_319; Moreno_292";45.466944444444;sept.19
Modona;Textos Narrativos;1;Moreno_065;36.821667;21.706944
Molino de Martos (Córdoba);Textos Narrativos;1;Moreno_234;37.8805221272;-4.76963468999
Monte Carmelo;Textos Narrativos;1;Moreno_200;32.6725;35.023333
Monte Etna;Textos Narrativos;2;Moreno_187 (2);37.7508345148182;14.993220288812113
Monte Pellegrino;Textos Narrativos;4;"Moreno_118 (2); Moreno_117 (2)";38.17;13.351388888889
Montegil;Textos Narrativos;1;Moreno_342;36.811522;-6.06914
Montejícar;Textos Narrativos;2;"Moreno_104; Moreno_103";37.571944444444;-3.5044444444444
Montemarciano;Textos Narrativos;1;Moreno_065;43.639927777778;13.310380555556
Montes Torozos;Poesías y Canciones;1;Moreno_228;41.64526576;-5.04329484
Montilla;Poesías y Canciones;1;Moreno_037;37.5865914;-4.6386198
Monturque;Textos Diversos;1;Moreno_226;37.473299;-4.5814876
Monzón;Textos Diversos;2;"Moreno_366; Moreno_367";41.9;0.18333333333333
Morales del Rey;Textos Narrativos;3;Moreno_039 (3);42.067814;-5.7856032
Morella;Textos Diversos;2;Moreno_355 (2);40.619166666667;-0.10055555555556
Motril;Textos Narrativos;1;Moreno_221;36.745277777778;-3.5205555555556
Moyá;Poesías y Canciones;1;Moreno_085;41.8130971;2.0971277
Mula;Textos Narrativos;2;"Moreno_179; Moreno_180";38.0418669;-1.4906872
Murcia;Textos Narrativos;5;"Moreno_156; Moreno_132; Moreno_133; Moreno_176; Moreno_177";37.986111111111;-1.1302777777778
Málaga;Textos Narrativos;22;"Moreno_164 (3); Moreno_184 (2); Moreno_294 (2); Moreno_104 (2); Moreno_276 (2); Moreno_103 (2); Moreno_176 (2); Moreno_177 (2); Moreno_153; Moreno_154; Moreno_337; Moreno_206; Moreno_207";36.716666666667;-4.4166666666667
México;Textos Narrativos;1;Moreno_039;23.0;-102.0
Navarra;Textos Narrativos;3;"Moreno_294 (2); Moreno_318";42.816666666667;-1.65
Nazaret;Textos Narrativos;11;"Moreno_076 (3); Moreno_316 (2); Moreno_008; Moreno_135; Moreno_136; Moreno_277; Moreno_162; Moreno_163";32.702102777778;35.29785
Nicea;Textos Narrativos;1;Moreno_174;40.429;29.7195
Nilo;Textos Narrativos;1;Moreno_298;15.640138888888888;32.5055
Noruega;Textos Narrativos;2;"Moreno_209; Moreno_210";65.0;11.0
Nápoles;Textos Narrativos;10;"Moreno_023 (5); Moreno_319 (2); Moreno_153; Moreno_154; Moreno_045";40.833333333333;14.25
Oriente;Textos Narrativos;8;"Moreno_209 (3); Moreno_316 (2); Moreno_073; Moreno_076; Moreno_201";51.208698;89.234375
Orihuela;Poesías y Canciones;1;Moreno_228;38.08555555555556;-0.9469444444444444
Orán;Textos Narrativos;5;Moreno_212 (5);35.696944444444;-0.63305555555556
Ostia;Textos Narrativos;1;Moreno_070;41.755833;12.291667
Osuna;Textos Narrativos;10;"Moreno_314 (6); Moreno_176 (2); Moreno_177 (2)";37.237222222222;-5.1030555555556
Padua;Textos Narrativos;2;Moreno_201 (2);45.406388888889;11.877777777778
Palacio de los Marqueses de Recaño;Textos Narrativos;1;Moreno_356;36.532077;-6.298166
Palencia;Textos Diversos;1;Moreno_155;42.016666666667;-4.5333333333333
Palermo;Textos Narrativos;18;"Moreno_153 (5); Moreno_154 (5); Moreno_118 (4); Moreno_117 (4)";38.11565805555556;13.361261944444443
Palestina;Textos Narrativos;1;Moreno_363;31.625321;35.145264
Palma de Mallorca;Textos Diversos;1;Moreno_226;39.566666666667;2.6497222222222
Pamplona;Poesías y Canciones;3;"Moreno_035; Moreno_259; Moreno_228";42.816666666667;-1.65
Parnaso;Textos Dramáticos y Teatrales;1;Moreno_128;38.533;22.6167
París;Textos Narrativos;6;"Moreno_187 (2); Moreno_084 (2); Moreno_057; Moreno_261";48.85666666666667;2.352222222222222
Pavía;Textos Narrativos;1;Moreno_306;45.185280555556;9.155
Países Bajos;Textos Narrativos;5;"Moreno_168 (2); Moreno_167 (2); Moreno_239";52.316666666667;mai.55
Pedralba;Textos Narrativos;8;Moreno_294 (8);39.6053522;-0.7260062
Peninsula de Arabia;Textos Narrativos;3;"Moreno_337; Moreno_272; Moreno_277";23.0;46.0
Perpiñán;Textos Narrativos;3;"Moreno_305 (2); Moreno_287";42.6975;2.8947222222222
Perú;Textos Narrativos;4;"Moreno_031; Moreno_269; Moreno_268; Moreno_013";-9.4;-76.0
Peñacerrada;Textos Narrativos;1;Moreno_032;42.6442584;-2.7135349
Pinto;Textos Narrativos;1;Moreno_151;40.241111;-3.699444
Pirineos;Textos Dramáticos y Teatrales;1;Moreno_352;42.666666666667;1.0
Polonia;Textos Narrativos;1;Moreno_187;52.0;19.0
Ponferrada;Textos Dramáticos y Teatrales;1;Moreno_183;42.54611111111111;-6.590833333333333
Porcuna;Textos Diversos;1;Moreno_041;37.869722222222;-4.1872222222222
Portugal;Textos Narrativos;8;"Moreno_284 (3); Moreno_294 (3); Moreno_368; Moreno_046";38.7;-9.1833333333333
Potosí;Textos Narrativos;1;Moreno_229;-19.589166666666667;-65.75333333333333
Prado;Textos Narrativos;2;"Moreno_276; Moreno_373";41.920555555556;-5.4188888888889
Principado de Moscú;Textos Narrativos;1;Moreno_187;64.686314;97.745306
Puebla de Benifasar;Poesías y Canciones;1;Moreno_354;40.6563297;0.1566012
Puebla de Zaragoza;Poesías y Canciones;1;Moreno_203;19.051389;-98.217778
Puente romano de Mantible;Textos Narrativos;1;Moreno_174;42.51;-2.5079166666666666
Puerto Real;Poesías y Canciones;2;Moreno_297 (2);36.529166666667;-6.1919444444444
Puerto Rico;Poesías y Canciones;5;"Moreno_035 (2); Moreno_259 (2); Moreno_203";18.25;-66.5
Puerto de la Cruz;Textos Narrativos;1;Moreno_173;28.416667;-16.55
Real Monasterio de San Lorenzo de El Escorial;Textos Narrativos;2;"Moreno_132; Moreno_133";40.589167;-4.147778
Reino de Prusia;Poesías y Canciones;1;Moreno_203;53.0;14.0
República Popular China;Poesías y Canciones;3;"Moreno_035; Moreno_259; Moreno_203";35.844722222222224;103.45194444444444
Requena;Textos Narrativos;1;Moreno_294;39.488538;-1.1023083
Riogordo;Textos Narrativos;2;"Moreno_104; Moreno_103";36.915;-4.2936111111111
Rioja;Poesías y Canciones;1;Moreno_228;36.9451184;-2.4626985
Rodas;Textos Narrativos;1;Moreno_360;36.17;27.92
Roma;Textos Narrativos;47;"Moreno_065 (11); Moreno_070 (7); Moreno_020 (4); Moreno_045 (4); Moreno_230 (3); Moreno_231 (3); Moreno_319 (2); Moreno_008; Moreno_357; Moreno_271; Moreno_026; Moreno_225; Moreno_061; Moreno_100; Moreno_077; Moreno_010; Moreno_011; Moreno_173; Moreno_360; Moreno_361";41.893055555556;12.482777777778
Ronda;Textos Narrativos;7;"Moreno_176 (2); Moreno_177 (2); Moreno_104; Moreno_013; Moreno_017";36.737222222222;-5.1647222222222
Rosas;Textos Narrativos;4;"Moreno_118 (2); Moreno_117 (2)";42.263333;3.175
Rota;Textos Diversos;1;Moreno_226;36.6228636;-6.3599595
Rusia;Poesías y Canciones;1;Moreno_203;66.41666666666667;94.25
Rute;Textos Narrativos;2;"Moreno_083; Moreno_082";37.3252642;-4.3702381
Río Araviana;Textos Narrativos;1;Moreno_235;41.689628;-2.122672
Río Martín;Textos Narrativos;1;Moreno_337;35.61;-5.27
Salamanca;Textos Narrativos;3;"Moreno_068 (2); Moreno_077";40.965;-5.664166666666667
Saldaña;Textos Dramáticos y Teatrales;1;Moreno_003;42.52016666666667;-4.737277777777778
Salobreña;Textos Narrativos;2;"Moreno_104; Moreno_103";36.746666666667;-3.5869444444444
Samaria;Textos Diversos;4;Moreno_148 (4);32.14306;35.26062
San Lorenzo de El Escorial;Textos Diversos;2;Moreno_016 (2);40.593611111111;-4.1427777777778
San Salvador;Textos Diversos;2;Moreno_016 (2);41.620833333333;-5.0880555555556
San Sebastián;Textos Diversos;1;Moreno_016;43.32;-1.98
Sanlúcar de Barrameda;Textos Diversos;1;Moreno_226;36.778888888889;-6.3538888888889
Santa Ana;Poesías y Canciones;2;"Moreno_035; Moreno_259";39.3089877;-5.9901745
Santa Cruz de Tenerife;Textos Narrativos;2;"Moreno_026; Moreno_039";28.466666666667;-16.25
Santa Fe;Textos Narrativos;13;"Moreno_311 (7); Moreno_180 (3); Moreno_147 (2); Moreno_179";37.189444444444;-3.7180555555556
Santa Gadea del Cid;Textos Dramáticos y Teatrales;2;Moreno_029 (2);42.714722222222;-3.0588888888889
Santo Domingo;Poesías y Canciones;3;"Moreno_259 (2); Moreno_035";18.476388888889;-69.893333333333
Santo Stefano Quisquina;Textos Narrativos;4;"Moreno_118 (2); Moreno_117 (2)";37.624166666667;13.491388888889
Segovia;Textos Narrativos;8;"Moreno_158 (3); Moreno_159 (3); Moreno_068; Moreno_320";40.948055555556;-4.1183333333333
Sesa;Textos Diversos;1;Moreno_016;41.995727;-0.244048
Sevilla;Textos Narrativos;70;"Moreno_310 (8); Moreno_074 (6); Moreno_368 (6); Moreno_075 (6); Moreno_207 (5); Moreno_206 (5); Moreno_173 (4); Moreno_357 (4); Moreno_296 (3); Moreno_275 (3); Moreno_341 (2); Moreno_342 (2); Moreno_264 (2); Moreno_265 (2); Moreno_227; Moreno_276; Moreno_289; Moreno_057; Moreno_103; Moreno_196; Moreno_340; Moreno_010; Moreno_164; Moreno_011; Moreno_039; Moreno_314";37.383333333333;-5.9833333333333
Sicilia;Textos Narrativos;15;"Moreno_118 (3); Moreno_117 (3); Moreno_026 (2); Moreno_153 (2); Moreno_154 (2); Moreno_284; Moreno_070; Moreno_360";37.599958333333;14.015377777778
Sierra Bermeja;Textos Narrativos;1;Moreno_337;36.482372222222;-5.2101194444444
Sierra Morena;Textos Narrativos;9;"Moreno_007 (3); Moreno_134 (2); Moreno_089 (2); Moreno_292; Moreno_077";38.3;-5.4
Sierra de Andía;Textos Diversos;2;"Moreno_366; Moreno_367";42.8117;-1.9504
Sierra de Guadalupe;Textos Narrativos;1;Moreno_077;31.8911;-104.86
Sigüenza;Poesías y Canciones;1;Moreno_228;41.069166666667;-2.6391666666667
Simancas;Textos Narrativos;7;"Moreno_032 (2); Moreno_083 (2); Moreno_082 (2); Moreno_337";41.5904328;-4.8268456
Sion;Textos Diversos;1;Moreno_211;31.766666666667;35.233333333333
Siria;Textos Narrativos;3;"Moreno_298 (2); Moreno_073";35.216667;38.583333
Soria;Textos Narrativos;4;"Moreno_172 (3); Moreno_022";41.766666666667;-2.4666666666667
Suecia;Textos Narrativos;2;"Moreno_236; Moreno_237";61.0;15.0
Tajo;Textos Narrativos;1;Moreno_320;40.3197;-1.6975
Talavera;Textos Narrativos;5;"Moreno_294 (3); Moreno_179; Moreno_180";41.58197;1.33848
Tampico;Poesías y Canciones;1;Moreno_203;22.255277777778;-97.868611111111
Tarancón;Textos Narrativos;2;Moreno_348 (2);40.0086075;-3.0102243
Tarazona;Poesías y Canciones;1;Moreno_228;41.904444444444;-1.7225
Tarifa;Textos Narrativos;1;Moreno_310;36.015305555556;-5.6056666666667
Tarragona;Textos Narrativos;2;Moreno_289 (2);41.1175;1.2527777777777778
Tartaria;Textos Narrativos;1;Moreno_046;49.53358;18.20526
Teba;Textos Narrativos;2;"Moreno_181; Moreno_182";36.9832531;-4.9184036
Tebaida;Textos Narrativos;1;Moreno_200;23.936209;32.954304
Tetuán;Poesías y Canciones;8;"Moreno_338 (4); Moreno_374 (4)";35.566666666667;-5.3666666666667
Tigris;Textos Narrativos;1;Moreno_298;38.5032;39.5058
Tiro;Textos Narrativos;1;Moreno_298;33.266666666667;35.2
Toledo;Textos Narrativos;17;"Moreno_221 (3); Moreno_222 (3); Moreno_320 (3); Moreno_184 (2); Moreno_215 (2); Moreno_216 (2); Moreno_181; Moreno_182";39.866666666667;-4.0333333333333
Tolón;Poesías y Canciones;2;"Moreno_035; Moreno_259";43.125;5.9305555555556
Toro;Textos Diversos;1;Moreno_053;41.52;-5.394722222222223
Torre de Comares;Textos Narrativos;4;"Moreno_179 (2); Moreno_180 (2)";37.177568;-3.589678
Torre de David;Poesías y Canciones;1;Moreno_335;31.776111111111;35.227777777778
Torre de Santa María;Textos Dramáticos y Teatrales;1;Moreno_198;39.2528327;-6.114816
Torrecampo;Textos Narrativos;2;Moreno_314 (2);38.475049;-4.6790126
Torres de Serranos;Textos Narrativos;2;Moreno_294 (2);39.4793;-0.375933
Toscana;Textos Narrativos;1;Moreno_026;43.35;11.016666666667
Tracia;Textos Narrativos;1;Moreno_187;42.0;26.0
Trebisonda;Textos Narrativos;1;Moreno_026;41.005;39.7225
Triana;Textos Narrativos;6;"Moreno_310 (2); Moreno_227; Moreno_296; Moreno_262; Moreno_261";37.383580555556;-6.0052
Troya;Textos Narrativos;4;"Moreno_350; Moreno_158; Moreno_159; Moreno_349";39.9575;26.238888888889
Trujillo;Textos Narrativos;4;Moreno_134 (4);39.465277777778;-5.8788888888889
Turquía;Textos Narrativos;18;"Moreno_026 (6); Moreno_168 (2); Moreno_065 (2); Moreno_212 (2); Moreno_167 (2); Moreno_333; Moreno_308; Moreno_334; Moreno_174";39.0;36.0
Tánger;Poesías y Canciones;4;"Moreno_338 (2); Moreno_374 (2)";35.776666666666664;-5.803888888888888
Túnez;Textos Narrativos;5;"Moreno_153 (2); Moreno_154 (2); Moreno_224";34.0;10.0
Utrera;Textos Dramáticos y Teatrales;2;Moreno_198 (2);37.1824646;-5.7817506
Valdemoro;Poesías y Canciones;1;Moreno_119;40.190833333333;-3.6741666666667
Valencia;Textos Narrativos;33;"Moreno_020 (8); Moreno_294 (6); Moreno_319 (3); Moreno_143 (2); Moreno_123 (2); Moreno_308 (2); Moreno_318; Moreno_026; Moreno_221; Moreno_156; Moreno_222; Moreno_197; Moreno_292; Moreno_296; Moreno_305; Moreno_164";39.47;-0.3763888888888889
Valladolid;Textos Narrativos;20;"Moreno_065 (11); Moreno_083 (3); Moreno_082 (3); Moreno_068; Moreno_266; Moreno_267";41.651980555556;-4.7285611111111
Valle de Josafat;Textos Diversos;2;Moreno_101 (2);31.780277777778;35.24
Valverde;Textos Narrativos;3;Moreno_051 (3);27.809685;-17.9151468
Vega de Granada;Textos Narrativos;3;"Moreno_179; Moreno_180; Moreno_311";37.1875;-3.61083
Venecia;Textos Narrativos;4;"Moreno_129 (2); Moreno_026; Moreno_239";45.439722222222;12.331944444444
Veracruz;Textos Narrativos;4;"Moreno_121 (2); Moreno_122 (2)";19.190277777778;-96.153333333333
Versalles;Textos Narrativos;2;"Moreno_132; Moreno_133";48.804722222222;2.1341666666667
Viena;Textos Narrativos;4;"Moreno_054 (2); Moreno_055 (2)";48.208333333333336;16.3725
Villafranca;Textos Narrativos;2;Moreno_200 (2);42.27386491;-1.725587482
Villamanrique;Textos Narrativos;1;Moreno_292;38.5457838;-2.9979338
Villamarchante;Textos Narrativos;1;Moreno_294;39.567777777778;-0.6225
Villamartín;Textos Narrativos;3;"Moreno_314 (2); Moreno_017";36.8591822;-5.6434544
Villanueva de los Infantes;Poesías y Canciones;1;Moreno_228;38.734166666667;-3.0166666666667
Villena;Textos Dramáticos y Teatrales;1;Moreno_029;38.635;-0.86583333333333
Viterbo;Textos Narrativos;1;Moreno_173;42.418611111111;12.104166666667
Vizcaya;Textos Narrativos;2;Moreno_032 (2);43.25;-2.9833333333333
Vélez-Málaga;Textos Narrativos;1;Moreno_164;36.7821366;-4.0992542
Zafra;Textos Narrativos;1;Moreno_303;38.4258642;-6.4162027
Zalamea de la Serena;Poesías y Canciones;1;Moreno_058;38.649722222222;-5.6569444444444
Zamora;Textos Dramáticos y Teatrales;2;Moreno_029 (2);41.503333333333;-5.7555555555556
Zaragoza;Textos Narrativos;9;"Moreno_051 (4); Moreno_292; Moreno_327; Moreno_333; Moreno_068; Moreno_039";41.65;-0.88333333333333
Zuheros;Textos Narrativos;1;Moreno_314;37.543409;-4.314876
Zuriza;Textos Narrativos;1;Moreno_311;42.8643956;-0.81286
islas Alhucemas;Textos Narrativos;1;Moreno_294;35.215;-3.89611111
monte Sinaí;Textos Narrativos;1;Moreno_277;28.5384;33.9752
océano Atlántico;Textos Narrativos;2;"Moreno_209; Moreno_210";0.0;-30.0
reino de León;Textos Diversos;1;Moreno_016;42.598333333333336;-5.570277777777778
río Beiro;Textos Narrativos;2;"Moreno_242; Moreno_243";37.19555556;-3.60083333
río Jordán;Textos Narrativos;1;Moreno_298;33.186666666667;35.619166666667
río Tíber;Textos Narrativos;1;Moreno_070;43.786916666667;12.077666666667
África;Textos Narrativos;7;"Moreno_179 (3); Moreno_180 (3); Moreno_337";21.09375;7.1881
Ámsterdam;Textos Narrativos;1;Moreno_031;52.37277777777778;4.893611111111111
Ávila;Textos Narrativos;2;Moreno_068 (2);40.654347222222;-4.6962222222222
Écija;Textos Narrativos;1;Moreno_303;37.541111111111;-5.0791666666667
Úbeda;Textos Narrativos;1;Moreno_281;38.011666666667;-3.3716666666667